Name,Email,Age,Salary,Department
Arun Kumar,arun.kumar1@gmail.com,24,35000,IT
Vignesh Kumar,vignesh.kumar2@gmail.com,25,38000,HR
Karthik Raj,karthik.raj3@gmail.com,26,42000,Finance
Praveen Kumar,praveen.kumar4@gmail.com,27,45000,Sales
Suresh Babu,suresh.babu5@gmail.com,28,47000,Marketing
Saravanan,saravanan6@gmail.com,29,50000,Admin
Dinesh Kumar,dinesh.kumar7@gmail.com,30,55000,Operations
Ramesh Kumar,ramesh.kumar8@gmail.com,31,60000,IT
Senthil Kumar,senthil.kumar9@gmail.com,32,65000,HR
Muthukumar,muthukumar10@gmail.com,33,70000,Finance
Balaji Kumar,balaji.kumar11@gmail.com,24,36000,Sales
Manikandan,manikandan12@gmail.com,25,39000,Marketing
Murugan,murugan13@gmail.com,26,43000,Admin
Rajesh Kumar,rajesh.kumar14@gmail.com,27,46000,Operations
Ganesh Kumar,ganesh.kumar15@gmail.com,28,49000,IT
Sathish Kumar,sathish.kumar16@gmail.com,29,52000,HR
Naveen Kumar,naveen.kumar17@gmail.com,30,56000,Finance
Bharath Kumar,bharath.kumar18@gmail.com,31,61000,Sales
Ashok Kumar,ashok.kumar19@gmail.com,32,66000,Marketing
Venkatesh,venkatesh20@gmail.com,33,71000,Admin
Kumaravel,kumaravel21@gmail.com,34,74000,Operations
Jegan,jegan22@gmail.com,35,78000,IT
Sivakumar,sivakumar23@gmail.com,36,82000,HR
Ilango,ilango24@gmail.com,37,85000,Finance
Srinivasan,srinivasan25@gmail.com,38,90000,Sales
Tamilselvan,tamilselvan26@gmail.com,39,95000,Marketing
Pandian,pandian27@gmail.com,40,100000,Admin
Raja,raya28@gmail.com,41,105000,Operations
Mohan,mohan29@gmail.com,42,110000,IT
Chandrasekar,chandrasekar30@gmail.com,43,115000,HR
Arul,arul31@gmail.com,24,36000,Finance
Kannan,kannan32@gmail.com,25,39000,Sales
Selvam,selvam33@gmail.com,26,43000,Marketing
Natarajan,natarajan34@gmail.com,27,47000,Admin
Perumal,perumal35@gmail.com,28,51000,Operations
Subramanian,subramanian36@gmail.com,29,55000,IT
Magesh,magesh37@gmail.com,30,59000,HR
Hariharan,hariharan38@gmail.com,31,63000,Finance
Ragavan,ragavan39@gmail.com,32,67000,Sales
Anand,anand40@gmail.com,33,71000,Marketing
Kishore,kishore41@gmail.com,34,75000,Admin
Vinoth Kumar,vinoth42@gmail.com,35,79000,Operations
Sakthivel,sakthivel43@gmail.com,36,83000,IT
Jayaraman,jayaraman44@gmail.com,37,87000,HR
Sundar,sundar45@gmail.com,38,91000,Finance
Gopinath,gopinath46@gmail.com,39,95000,Sales
Prakash,prakash47@gmail.com,40,99000,Marketing
Ravi Kumar,ravi48@gmail.com,41,103000,Admin
Elango,elango49@gmail.com,42,107000,Operations
Vijay Kumar,vijay50@gmail.com,43,111000,IT
Aravind,aravind51@gmail.com,24,37000,HR
Deepak,deepak52@gmail.com,25,41000,Finance
Lokesh,lokesh53@gmail.com,26,45000,Sales
Sanjay,sanjay54@gmail.com,27,49000,Marketing
Kavin,kavin55@gmail.com,,53000,Admin
Surya,surya56@gmail.com,29,57000,Operations
Ajith,ajith57@gmail.com,30,61000,IT
Vimal,vimal58@gmail.com,31,65000,HR
Nandha,nandha59@gmail.com,32,69000,Finance
Madhan,madhan60@gmail.com,33,73000,Sales